{"content": [["epsilon", "min_samples", "silhouette_score", "duration"], [0.1, 5, -0.1577527199868761, 13.443776369094849], [0.2, 5, -0.16167031306571422, 13.104137659072876], [0.3, 5, -0.1616322074688955, 13.172531127929688], [0.4, 5, -0.1603932242169112, 13.49070692062378], [0.5, 5, -0.16015954419673345, 13.567743301391602], [0.6, 5, -0.16964780951361028, 12.869113206863403], [0.7, 5, -0.17077134011166922, 13.00778079032898], [0.8, 5, -0.18669781160839446, 13.464899778366089], [0.9, 5, -0.20917287560022135, 12.875134229660034], [1, 5, -0.20763563129281226, 12.901113748550415]], "metadata": {"start": 1, "end": 10, "clustering": "agglomerative", "initial_subsample": true, "num_embeddings": 22743, "hvv": "villain", "min_samples": 5}}