amazon.none.none,-0.1,1.0
none.north korea.none,0.6708203932499366,-0.16666666666666663
nicole kidman.none.none,-0.14907119849998599,0.6666666666666669
