none.donald trump.americans,0.5881716976750462,-0.25
none.donald trump.democratic party,-0.149071198499986,0.6666666666666667
none.donald trump.china,1.0,-0.11111111111111113
