{"content": [["epsilon", "min_samples", "silhouette_score", "duration"], [1, 5, -0.20763563129281226, 13.866712808609009], [3, 5, -0.15810047475714872, 12.769700527191162], [5, 5, 0.18363750289784736, 13.951122760772705], [7, 5, 0.3535748276958408, 18.017070531845093], [9, 5, null, 10.042795419692993], [11, 5, null, 10.052801847457886], [13, 5, null, 10.371067762374878], [15, 5, null, 10.530532598495483], [17, 5, null, 10.298230648040771], [19, 5, null, 10.485386610031128]], "metadata": {"start": 1, "end": 20, "clustering": "agglomerative", "initial_subsample": true, "num_embeddings": 22743, "hvv": "villain", "min_samples": 5}}