heather heyer.james alex fields jr..heather heyer,-0.1398757212360471,0.8849846507021011
