none.israel.palestinians,1.0,nan
michael cohen.donald trump.none,0.8858795678282982,-0.1111111111111111
john mccain.donald trump.none,0.8049844718999244,-0.2010075630518424
