tom brady.none.none,0.6708203932499367,nan
apple.none.none,0.6708203932499368,-0.16666666666666666
nasa.none.none,1.0,-0.11111111111111113
none.none.migrants,0.9999999999999998,-0.1111111111111111
