none.vladimir putin.none,-0.1,0.9999999999999997
amazon.none.none,0.9999999999999996,-0.11111111111111116
