juan guaido.nicolas maduro.venezuelan people,"[-0.011492228613806646, 0.6282161539472947]"
