cristiano ronaldo.none.none,1.0,nan
nirmala sitharaman.none.none,-0.149071198499986,0.6666666666666665
boris johnson.none.none,0.6708203932499368,0.6666666666666669
