{"content": [["epsilon", "min_samples", "silhouette_score", "duration"], [1, 5, -0.1557845351189481, 26.244924068450928], [2, 5, -0.21907789417730122, 26.77415370941162], [3, 5, -0.15565703833417005, 26.740927696228027], [4, 5, -0.006832113032069403, 24.99522590637207], [5, 5, 0.18836359323976326, 30.315925359725952], [6, 5, 0.27479922436429927, 56.80136227607727], [7, 5, 0.43784772376569, 180.54073643684387], [8, 5, 0.43784772376569, 131.64753818511963], [9, 5, null, 106.54974102973938], [10, 5, null, 93.29823398590088]], "metadata": {"start": 1, "end": 10, "clustering": "agglomerative", "initial_subsample": true, "num_embeddings": 22743, "hvv": "victim", "min_samples": 5}}