{"content": [["epsilon", "min_samples", "silhouette_score", "duration"], [1, 5, -0.17365869361772895, 22.75847625732422], [2, 5, -0.20790406686115523, 20.12223196029663], [3, 5, -0.15762931319175008, 19.577559232711792], [4, 5, -0.0433644589899572, 20.31368374824524], [5, 5, 0.08130003781878607, 24.826584577560425], [6, 5, 0.2797814798291811, 55.64266085624695], [7, 5, null, 94.56932139396667], [8, 5, null, 130.73239970207214], [9, 5, null, 261.6928153038025], [10, 5, null, 275.5565416812897]], "metadata": {"start": 1, "end": 10, "clustering": "agglomerative", "initial_subsample": true, "num_embeddings": 22743, "hvv": "hero", "min_samples": 5}}