none.donald trump.none,1.0,nan
"none
villain: none
victim: none.none.none",0.173762011714229,0.5466081666101211
none.none.woman,-0.14907119849998599,0.6666666666666669
kate middleton.none.none,0.9999999999999997,-0.11111111111111116
none.gavin newsom.none,-0.149071198499986,0.666666666666667
rishi sunak.none.none,-0.19364916731037085,0.5091750772173155
