elon musk.none.none,1.0,nan
none.none.india,0.9999999999999997,-0.11111111111111113
